trial_id,pt_test_acc,tf_test_acc,accuracy_diff,tf_training_loss,pt_average_training_loss,pt_latest_training_loss,time_this_iter_s,done,timesteps_total,episodes_total,training_iteration,experiment_id,date,timestamp,time_total_s,pid,hostname,node_ip,time_since_restore,timesteps_since_restore,iterations_since_restore,experiment_tag,config.learning_rate,config.dropout,config.batch_size,config.adam_epsilon,config.epochs,config.wandb.project,config.wandb.api_key
b249115c,0.9508563091880397,0.9517999887466431,0.0009436795586034163,"[2.1426804065704346, 1.4548977613449097, 1.0195939540863037, 0.804016649723053, 0.6899098753929138, 0.6112076044082642, 0.5603939890861511, 0.520384669303894, 0.49129125475883484, 0.4682076871395111, 0.44433996081352234, 0.42711687088012695, 0.4136275053024292, 0.39833515882492065, 0.3888497054576874, 0.3772752583026886, 0.366665244102478, 0.3557842969894409, 0.3481593132019043, 0.3381207287311554, 0.33293843269348145, 0.3248082995414734, 0.3197471797466278, 0.31277406215667725, 0.3098762631416321, 0.3025730848312378, 0.29822060465812683, 0.29012152552604675, 0.28749701380729675, 0.28274157643318176, 0.27831876277923584, 0.2760324478149414, 0.27171945571899414, 0.26572009921073914, 0.26602470874786377, 0.26063674688339233, 0.25737452507019043, 0.2535308003425598, 0.25127285718917847, 0.24741870164871216, 0.2451115846633911, 0.2430376559495926, 0.23939821124076843, 0.24030405282974243, 0.23382897675037384]","[1.374668836593628, 0.7577781081199646, 0.5810278654098511, 0.4421592354774475, 0.4047861695289612, 0.35456153750419617, 0.3758437931537628, 0.31321805715560913, 0.32108524441719055, 0.26879361271858215, 0.27778759598731995, 0.21239082515239716, 0.2143063098192215, 0.19601617753505707, 0.19843025505542755, 0.19542935490608215, 0.18091079592704773, 0.15766318142414093, 0.16913431882858276, 0.16957777738571167, 0.15778018534183502, 0.1515093594789505, 0.15613007545471191, 0.14757393300533295, 0.1778993457555771, 0.1453670859336853, 0.14949175715446472, 0.14516094326972961, 0.13776394724845886, 0.12592704594135284, 0.13216407597064972, 0.13753369450569153, 0.1464497596025467, 0.1291259229183197, 0.16684697568416595, 0.07454097270965576, 0.09916790574789047, 0.09066560119390488, 0.08929313719272614, 0.10900800675153732, 0.08934283256530762, 0.08666060119867325, 0.07856972515583038, 0.07201743870973587, 0.08959545940160751]","[1.374668836593628, 0.7577781081199646, 0.5810278654098511, 0.4421592354774475, 0.4047861695289612, 0.35456153750419617, 0.3758437931537628, 0.31321805715560913, 0.32108524441719055, 0.26879361271858215, 0.27778759598731995, 0.21239082515239716, 0.2143063098192215, 0.19601617753505707, 0.19843025505542755, 0.19542935490608215, 0.18091079592704773, 0.15766318142414093, 0.16913431882858276, 0.16957777738571167, 0.15778018534183502, 0.1515093594789505, 0.15613007545471191, 0.14757393300533295, 0.1778993457555771, 0.1453670859336853, 0.14949175715446472, 0.14516094326972961, 0.13776394724845886, 0.12592704594135284, 0.13216407597064972, 0.13753369450569153, 0.1464497596025467, 0.1291259229183197, 0.16684697568416595, 0.07454097270965576, 0.09916790574789047, 0.09066560119390488, 0.08929313719272614, 0.10900800675153732, 0.08934283256530762, 0.08666060119867325, 0.07856972515583038, 0.07201743870973587, 0.08959545940160751]",231.85935807228088,True,,,1,04aa5d8357d1408282a9005b2f41acc9,2021-08-04_04-08-08,1628075288,231.85935807228088,1046760,lambda1,140.221.79.11,231.85935807228088,0,1,"1_adam_epsilon=0.90453,batch_size=540,dropout=0.4749,epochs=45,learning_rate=0.037053,api_key=f89dd177ee1c0e61382850a5a0cf389910abb3d2,project=cpu_only_lambda2_mnist_comparison",0.03705279493378479,0.4748994835768224,540,0.9045323376947552,45,cpu_only_lambda2_mnist_comparison,f89dd177ee1c0e61382850a5a0cf389910abb3d2
4366e470,0.9804683619015955,0.9801999926567078,0.00026836924488771174,"[0.691171407699585, 0.29799342155456543, 0.23027287423610687, 0.1892356127500534, 0.16353455185890198, 0.14597803354263306, 0.13086822628974915, 0.11938223987817764, 0.11237779259681702, 0.10397229343652725, 0.0981128066778183, 0.09233266115188599, 0.08682127296924591, 0.08334022760391235, 0.07932497560977936, 0.0773368552327156, 0.07280883193016052, 0.0695238709449768, 0.06645647436380386, 0.0657065138220787, 0.062390539795160294, 0.059975314885377884, 0.05974779278039932, 0.05521314591169357, 0.054762087762355804, 0.0516953319311142, 0.05173027515411377, 0.04991864040493965, 0.047861695289611816, 0.04655462130904198, 0.04573032632470131, 0.046453047543764114, 0.04407065734267235, 0.0421057865023613, 0.040977850556373596, 0.04122288525104523, 0.04013104364275932]","[0.11222876608371735, 0.07058653980493546, 0.03916092962026596, 0.05329816788434982, 0.02951265312731266, 0.016218801960349083, 0.018151257187128067, 0.01957996003329754, 0.011855432763695717, 0.016803033649921417, 0.010695206932723522, 0.004648671951144934, 0.009860173799097538, 0.017849793657660484, 0.007382746320217848, 0.007178382016718388, 0.004557006526738405, 0.0037842898163944483, 0.00786911603063345, 0.0032312297262251377, 0.002916194498538971, 0.0014641500310972333, 0.006497562862932682, 0.003863744903355837, 0.003248617285862565, 0.0053161135874688625, 0.011609535664319992, 0.0016367958160117269, 0.004224505741149187, 0.004407571628689766, 0.0065020169131457806, 0.0021724412217736244, 0.0030768923461437225, 0.00873551331460476, 0.002213952597230673, 0.0030127624049782753, 0.0019199781818315387]","[0.11222876608371735, 0.07058653980493546, 0.03916092962026596, 0.05329816788434982, 0.02951265312731266, 0.016218801960349083, 0.018151257187128067, 0.01957996003329754, 0.011855432763695717, 0.016803033649921417, 0.010695206932723522, 0.004648671951144934, 0.009860173799097538, 0.017849793657660484, 0.007382746320217848, 0.007178382016718388, 0.004557006526738405, 0.0037842898163944483, 0.00786911603063345, 0.0032312297262251377, 0.002916194498538971, 0.0014641500310972333, 0.006497562862932682, 0.003863744903355837, 0.003248617285862565, 0.0053161135874688625, 0.011609535664319992, 0.0016367958160117269, 0.004224505741149187, 0.004407571628689766, 0.0065020169131457806, 0.0021724412217736244, 0.0030768923461437225, 0.00873551331460476, 0.002213952597230673, 0.0030127624049782753, 0.0019199781818315387]",402.18376660346985,True,,,1,0584316e306a42b587a2260da6d12147,2021-08-04_04-15-01,1628075701,402.18376660346985,1046759,lambda1,140.221.79.11,402.18376660346985,0,1,"2_adam_epsilon=0.54541,batch_size=45,dropout=0.16736,epochs=37,learning_rate=0.024024,api_key=f89dd177ee1c0e61382850a5a0cf389910abb3d2,project=cpu_only_lambda2_mnist_comparison",0.02402386430340808,0.16736321618126568,45,0.545410188658469,37,cpu_only_lambda2_mnist_comparison,f89dd177ee1c0e61382850a5a0cf389910abb3d2
388fcd2c,0.9657694190740586,0.9670000076293945,0.0012305885553359763,"[1.5401064157485962, 0.6584632396697998, 0.48360347747802734, 0.4126008450984955, 0.3676794469356537, 0.3362135887145996, 0.31340163946151733, 0.2913088798522949, 0.27286383509635925, 0.2561057507991791, 0.24455083906650543, 0.23309923708438873, 0.22283612191677094, 0.21542100608348846, 0.20567336678504944, 0.19822180271148682, 0.19304488599300385, 0.1839892864227295, 0.1809205412864685, 0.1738046258687973, 0.16835549473762512, 0.1647697240114212, 0.1599067747592926, 0.1563698798418045, 0.1541285514831543, 0.1494167596101761, 0.14685337245464325, 0.14314092695713043, 0.1383427232503891]","[0.4304750859737396, 0.2566208243370056, 0.20361527800559998, 0.15659894049167633, 0.11654847860336304, 0.14868783950805664, 0.1166771873831749, 0.08204274624586105, 0.07525499910116196, 0.08109957724809647, 0.05781780928373337, 0.0722551941871643, 0.06585999578237534, 0.061648864299058914, 0.06743308901786804, 0.06300590932369232, 0.11503665894269943, 0.0372009351849556, 0.045255985110998154, 0.0421760119497776, 0.040954940021038055, 0.03805497661232948, 0.05779292806982994, 0.033235009759664536, 0.03730788454413414, 0.0355558842420578, 0.03865747153759003, 0.05975465103983879, 0.0542735792696476]","[0.4304750859737396, 0.2566208243370056, 0.20361527800559998, 0.15659894049167633, 0.11654847860336304, 0.14868783950805664, 0.1166771873831749, 0.08204274624586105, 0.07525499910116196, 0.08109957724809647, 0.05781780928373337, 0.0722551941871643, 0.06585999578237534, 0.061648864299058914, 0.06743308901786804, 0.06300590932369232, 0.11503665894269943, 0.0372009351849556, 0.045255985110998154, 0.0421760119497776, 0.040954940021038055, 0.03805497661232948, 0.05779292806982994, 0.033235009759664536, 0.03730788454413414, 0.0355558842420578, 0.03865747153759003, 0.05975465103983879, 0.0542735792696476]",171.30136442184448,True,,,1,5e3435f4137e4f0cb80a7ee3197a5aa4,2021-08-04_04-18-05,1628075885,171.30136442184448,1046757,lambda1,140.221.79.11,171.30136442184448,0,1,"3_adam_epsilon=0.89755,batch_size=253,dropout=0.26999,epochs=29,learning_rate=0.050761,api_key=f89dd177ee1c0e61382850a5a0cf389910abb3d2,project=cpu_only_lambda2_mnist_comparison",0.05076055047241379,0.2699871594609698,253,0.8975492282353689,29,cpu_only_lambda2_mnist_comparison,f89dd177ee1c0e61382850a5a0cf389910abb3d2
a617ecc6,0.9696477441226735,0.9713000059127808,0.0016522617901072456,"[1.903123378753662, 0.9730592370033264, 0.6391268968582153, 0.519044816493988, 0.455585777759552, 0.4134243428707123, 0.38706597685813904, 0.36097007989883423, 0.34006747603416443, 0.3229439854621887, 0.30968043208122253, 0.29513344168663025, 0.2834059000015259, 0.2719923257827759, 0.2629430294036865, 0.2520679533481598, 0.2450852245092392, 0.23677046597003937, 0.23050300776958466, 0.2205779254436493, 0.2153957337141037, 0.21054281294345856, 0.2042282670736313, 0.19843748211860657, 0.19270478188991547, 0.18998780846595764, 0.18345136940479279, 0.18115729093551636, 0.17703111469745636, 0.17264658212661743, 0.16972661018371582, 0.16590236127376556, 0.16170042753219604, 0.15876513719558716, 0.15725615620613098, 0.15334481000900269, 0.15216171741485596, 0.14737586677074432, 0.14485764503479004, 0.14277265965938568, 0.14203672111034393, 0.14038097858428955, 0.13627977669239044, 0.13518157601356506, 0.13388009369373322, 0.1306585669517517, 0.12959936261177063, 0.12782421708106995, 0.12503542006015778, 0.12561842799186707, 0.12227987498044968, 0.12028731405735016, 0.11922469735145569, 0.1177491843700409, 0.11755983531475067, 0.11573476344347, 0.1154148131608963, 0.11334557831287384, 0.11210259795188904]","[0.6479414105415344, 0.4305730164051056, 0.3731608986854553, 0.35694098472595215, 0.3375239968299866, 0.31730812788009644, 0.3186113238334656, 0.30339136719703674, 0.280391126871109, 0.3030589818954468, 0.26955658197402954, 0.27264004945755005, 0.27001360058784485, 0.2653254568576813, 0.22530578076839447, 0.2441289722919464, 0.23841670155525208, 0.22386270761489868, 0.24490389227867126, 0.2205798178911209, 0.21871189773082733, 0.22763510048389435, 0.22100713849067688, 0.21256965398788452, 0.21064984798431396, 0.20376352965831757, 0.19992102682590485, 0.19882549345493317, 0.2228686362504959, 0.18646986782550812, 0.20639508962631226, 0.20050109922885895, 0.17616577446460724, 0.18569695949554443, 0.18546181917190552, 0.1820777803659439, 0.19521531462669373, 0.1720694750547409, 0.19230632483959198, 0.18462543189525604, 0.18398265540599823, 0.19285345077514648, 0.17333373427391052, 0.17906446754932404, 0.1725163459777832, 0.16515162587165833, 0.17613212764263153, 0.1551409810781479, 0.15918056666851044, 0.16092100739479065, 0.16136419773101807, 0.16540119051933289, 0.16534638404846191, 0.15425153076648712, 0.16132599115371704, 0.1597716063261032, 0.14849497377872467, 0.15412496030330658, 0.16550499200820923]","[0.6479414105415344, 0.4305730164051056, 0.3731608986854553, 0.35694098472595215, 0.3375239968299866, 0.31730812788009644, 0.3186113238334656, 0.30339136719703674, 0.280391126871109, 0.3030589818954468, 0.26955658197402954, 0.27264004945755005, 0.27001360058784485, 0.2653254568576813, 0.22530578076839447, 0.2441289722919464, 0.23841670155525208, 0.22386270761489868, 0.24490389227867126, 0.2205798178911209, 0.21871189773082733, 0.22763510048389435, 0.22100713849067688, 0.21256965398788452, 0.21064984798431396, 0.20376352965831757, 0.19992102682590485, 0.19882549345493317, 0.2228686362504959, 0.18646986782550812, 0.20639508962631226, 0.20050109922885895, 0.17616577446460724, 0.18569695949554443, 0.18546181917190552, 0.1820777803659439, 0.19521531462669373, 0.1720694750547409, 0.19230632483959198, 0.18462543189525604, 0.18398265540599823, 0.19285345077514648, 0.17333373427391052, 0.17906446754932404, 0.1725163459777832, 0.16515162587165833, 0.17613212764263153, 0.1551409810781479, 0.15918056666851044, 0.16092100739479065, 0.16136419773101807, 0.16540119051933289, 0.16534638404846191, 0.15425153076648712, 0.16132599115371704, 0.1597716063261032, 0.14849497377872467, 0.15412496030330658, 0.16550499200820923]",310.4349720478058,True,,,1,51a70b4dd307462c91826008d7e41928,2021-08-04_04-23-30,1628076210,310.4349720478058,1046755,lambda1,140.221.79.11,310.4349720478058,0,1,"4_adam_epsilon=0.46272,batch_size=602,dropout=0.20714,epochs=59,learning_rate=0.040511,api_key=f89dd177ee1c0e61382850a5a0cf389910abb3d2,project=cpu_only_lambda2_mnist_comparison",0.040510747952125635,0.20713586616030827,602,0.4627192431307109,59,cpu_only_lambda2_mnist_comparison,f89dd177ee1c0e61382850a5a0cf389910abb3d2
677eb8d6,0.9618830180937245,0.9629999995231628,0.0011169814294383906,"[1.9526935815811157, 1.0951133966445923, 0.7562260627746582, 0.6155079007148743, 0.53757643699646, 0.4875263273715973, 0.45406314730644226, 0.42553967237472534, 0.40259212255477905, 0.38257741928100586, 0.36906805634498596, 0.35337209701538086, 0.34023964405059814, 0.32963043451309204, 0.3192864954471588, 0.3093078136444092, 0.3021833598613739, 0.29483211040496826, 0.2877575755119324, 0.2783474624156952, 0.2728457748889923, 0.2668952941894531, 0.26051440834999084, 0.2563224136829376, 0.2509826719760895, 0.24764911830425262, 0.24118128418922424, 0.23907537758350372, 0.23528842628002167, 0.23372861742973328, 0.22600199282169342, 0.22389620542526245, 0.21950310468673706, 0.21703743934631348, 0.2174782156944275, 0.21340227127075195, 0.21053628623485565, 0.20722568035125732, 0.20385956764221191, 0.20137308537960052, 0.2001933604478836, 0.1981075555086136, 0.1937227100133896, 0.19405339658260345, 0.19304360449314117, 0.19026882946491241, 0.18663714826107025, 0.18659648299217224, 0.1828349083662033, 0.1818840354681015]","[0.807090699672699, 0.4969882369041443, 0.38243016600608826, 0.3546331226825714, 0.33275848627090454, 0.2819111943244934, 0.2627750039100647, 0.25750479102134705, 0.2282513678073883, 0.23131926357746124, 0.23095349967479706, 0.2231777459383011, 0.20849928259849548, 0.22677692770957947, 0.19318361580371857, 0.1889454573392868, 0.17422202229499817, 0.2127673625946045, 0.18976148962974548, 0.19500507414340973, 0.16786226630210876, 0.15263895690441132, 0.17145727574825287, 0.17747683823108673, 0.17462453246116638, 0.15813733637332916, 0.17112140357494354, 0.17075218260288239, 0.15392211079597473, 0.16173359751701355, 0.1479061096906662, 0.15566903352737427, 0.15220262110233307, 0.14758388698101044, 0.17580047249794006, 0.1426510363817215, 0.15636798739433289, 0.1488375961780548, 0.12492458522319794, 0.1755911260843277, 0.18649406731128693, 0.1869543492794037, 0.1455112099647522, 0.13284382224082947, 0.13312296569347382, 0.1498599797487259, 0.09748048335313797, 0.1696925312280655, 0.10416979342699051, 0.17104306817054749]","[0.807090699672699, 0.4969882369041443, 0.38243016600608826, 0.3546331226825714, 0.33275848627090454, 0.2819111943244934, 0.2627750039100647, 0.25750479102134705, 0.2282513678073883, 0.23131926357746124, 0.23095349967479706, 0.2231777459383011, 0.20849928259849548, 0.22677692770957947, 0.19318361580371857, 0.1889454573392868, 0.17422202229499817, 0.2127673625946045, 0.18976148962974548, 0.19500507414340973, 0.16786226630210876, 0.15263895690441132, 0.17145727574825287, 0.17747683823108673, 0.17462453246116638, 0.15813733637332916, 0.17112140357494354, 0.17075218260288239, 0.15392211079597473, 0.16173359751701355, 0.1479061096906662, 0.15566903352737427, 0.15220262110233307, 0.14758388698101044, 0.17580047249794006, 0.1426510363817215, 0.15636798739433289, 0.1488375961780548, 0.12492458522319794, 0.1755911260843277, 0.18649406731128693, 0.1869543492794037, 0.1455112099647522, 0.13284382224082947, 0.13312296569347382, 0.1498599797487259, 0.09748048335313797, 0.1696925312280655, 0.10416979342699051, 0.17104306817054749]",283.230256319046,True,,,1,ac5ca91b674f4d0c872a70d4a191b359,2021-08-04_04-28-25,1628076505,283.230256319046,1046743,lambda1,140.221.79.11,283.230256319046,0,1,"5_adam_epsilon=0.7993,batch_size=332,dropout=0.45051,epochs=50,learning_rate=0.029601,api_key=f89dd177ee1c0e61382850a5a0cf389910abb3d2,project=cpu_only_lambda2_mnist_comparison",0.029600509869556632,0.45051229798855,332,0.7992997083313532,50,cpu_only_lambda2_mnist_comparison,f89dd177ee1c0e61382850a5a0cf389910abb3d2
17d55eba,0.9650410101527259,0.9664999842643738,0.0014589741116478594,"[1.8074207305908203, 0.8750667572021484, 0.6043698787689209, 0.49844664335250854, 0.43929076194763184, 0.40314871072769165, 0.37311291694641113, 0.3490956127643585, 0.3277044892311096, 0.3122863471508026, 0.29778018593788147, 0.283682644367218, 0.27172404527664185, 0.2610739469528198, 0.2524538040161133, 0.24272745847702026, 0.23365864157676697, 0.22727644443511963, 0.21958038210868835, 0.21557161211967468, 0.20787900686264038, 0.2029847949743271, 0.19761596620082855, 0.19287705421447754, 0.18869532644748688, 0.18423566222190857, 0.18138961493968964, 0.17567649483680725, 0.17177119851112366, 0.16844043135643005, 0.16655464470386505, 0.16298982501029968, 0.16016672551631927, 0.15610185265541077, 0.15575945377349854, 0.15274052321910858, 0.14961779117584229]","[0.6629953384399414, 0.4154958128929138, 0.38379645347595215, 0.36081668734550476, 0.32059064507484436, 0.3096403181552887, 0.29713767766952515, 0.28863921761512756, 0.27171608805656433, 0.26932013034820557, 0.25023937225341797, 0.2339790016412735, 0.22221961617469788, 0.19194360077381134, 0.21052077412605286, 0.21745218336582184, 0.20347507297992706, 0.17746159434318542, 0.19230465590953827, 0.17555759847164154, 0.19719168543815613, 0.15535254776477814, 0.18179944157600403, 0.173782616853714, 0.18132373690605164, 0.17755185067653656, 0.18326938152313232, 0.15612973272800446, 0.15198051929473877, 0.13788889348506927, 0.15818117558956146, 0.1689606010913849, 0.17232158780097961, 0.10119060426950455, 0.1440516859292984, 0.17635545134544373, 0.15236808359622955]","[0.6629953384399414, 0.4154958128929138, 0.38379645347595215, 0.36081668734550476, 0.32059064507484436, 0.3096403181552887, 0.29713767766952515, 0.28863921761512756, 0.27171608805656433, 0.26932013034820557, 0.25023937225341797, 0.2339790016412735, 0.22221961617469788, 0.19194360077381134, 0.21052077412605286, 0.21745218336582184, 0.20347507297992706, 0.17746159434318542, 0.19230465590953827, 0.17555759847164154, 0.19719168543815613, 0.15535254776477814, 0.18179944157600403, 0.173782616853714, 0.18132373690605164, 0.17755185067653656, 0.18326938152313232, 0.15612973272800446, 0.15198051929473877, 0.13788889348506927, 0.15818117558956146, 0.1689606010913849, 0.17232158780097961, 0.10119060426950455, 0.1440516859292984, 0.17635545134544373, 0.15236808359622955]",199.1713900566101,True,,,1,d19c7a38b3d744bca9278b6772abd35c,2021-08-04_04-31-57,1628076717,199.1713900566101,1046744,lambda1,140.221.79.11,199.1713900566101,0,1,"6_adam_epsilon=0.44119,batch_size=479,dropout=0.30227,epochs=37,learning_rate=0.036376,api_key=f89dd177ee1c0e61382850a5a0cf389910abb3d2,project=cpu_only_lambda2_mnist_comparison",0.03637624336707051,0.30227244156506855,479,0.44119226008044765,37,cpu_only_lambda2_mnist_comparison,f89dd177ee1c0e61382850a5a0cf389910abb3d2
9603bd04,0.9592509942395346,0.9620000123977661,0.0027490181582314754,"[1.5869224071502686, 0.7253129482269287, 0.5376405119895935, 0.46006301045417786, 0.4135839641094208, 0.37616923451423645, 0.35381200909614563, 0.33193305134773254, 0.3109711706638336, 0.29965725541114807, 0.28495553135871887, 0.27409762144088745, 0.26688387989997864, 0.2552312910556793, 0.2467910200357437, 0.24080662429332733, 0.23218148946762085, 0.226190984249115, 0.22190621495246887, 0.21781931817531586, 0.21318572759628296, 0.20682500302791595, 0.20353692770004272, 0.19751329720020294, 0.1948929727077484, 0.1909591108560562, 0.188071146607399, 0.18644607067108154]","[0.770612895488739, 0.5390248894691467, 0.4637626111507416, 0.41572293639183044, 0.40634170174598694, 0.3494100570678711, 0.37277355790138245, 0.41776058077812195, 0.38443723320961, 0.3851242959499359, 0.417886883020401, 0.31939759850502014, 0.28841710090637207, 0.2755087912082672, 0.332101970911026, 0.2845205068588257, 0.31721240282058716, 0.25766634941101074, 0.3101440370082855, 0.25916552543640137, 0.32040438055992126, 0.2793368399143219, 0.30489441752433777, 0.23262351751327515, 0.2394850105047226, 0.23343007266521454, 0.2358938306570053, 0.25079599022865295]","[0.770612895488739, 0.5390248894691467, 0.4637626111507416, 0.41572293639183044, 0.40634170174598694, 0.3494100570678711, 0.37277355790138245, 0.41776058077812195, 0.38443723320961, 0.3851242959499359, 0.417886883020401, 0.31939759850502014, 0.28841710090637207, 0.2755087912082672, 0.332101970911026, 0.2845205068588257, 0.31721240282058716, 0.25766634941101074, 0.3101440370082855, 0.25916552543640137, 0.32040438055992126, 0.2793368399143219, 0.30489441752433777, 0.23262351751327515, 0.2394850105047226, 0.23343007266521454, 0.2358938306570053, 0.25079599022865295]",180.89980602264404,True,,,1,90b5b707c68a47139cc5418537eeb720,2021-08-04_04-35-11,1628076911,180.89980602264404,1046741,lambda1,140.221.79.11,180.89980602264404,0,1,"7_adam_epsilon=0.45951,batch_size=144,dropout=0.41452,epochs=28,learning_rate=0.011646,api_key=f89dd177ee1c0e61382850a5a0cf389910abb3d2,project=cpu_only_lambda2_mnist_comparison",0.011645780293345355,0.414516474635039,144,0.45951136378329405,28,cpu_only_lambda2_mnist_comparison,f89dd177ee1c0e61382850a5a0cf389910abb3d2
0a7f625a,0.928188360318905,0.9358999729156494,0.007711612596744466,"[2.154508590698242, 1.4884730577468872, 1.0007368326187134, 0.7555978894233704, 0.6315838098526001, 0.5555626749992371, 0.5073590874671936, 0.4723726511001587, 0.4454044997692108, 0.4244747459888458, 0.4081396162509918, 0.3939095735549927, 0.38174599409103394, 0.37117600440979004, 0.36181995272636414, 0.35253286361694336, 0.3442564010620117, 0.33566582202911377, 0.33061325550079346, 0.3243035674095154, 0.31929460167884827, 0.3122202455997467, 0.306827187538147, 0.30150318145751953, 0.2970508337020874, 0.293291300535202, 0.28708621859550476, 0.28390365839004517, 0.2801317572593689, 0.2753928601741791, 0.27366191148757935, 0.2694760859012604, 0.2652882933616638, 0.2624706029891968, 0.25877949595451355]","[1.6574922800064087, 0.9729478359222412, 0.6452935338020325, 0.4765067994594574, 0.4118720591068268, 0.37966278195381165, 0.33957192301750183, 0.3009878396987915, 0.2998889684677124, 0.26250872015953064, 0.2567194402217865, 0.25752246379852295, 0.24846599996089935, 0.25755250453948975, 0.2437436431646347, 0.2143278419971466, 0.21848949790000916, 0.21840497851371765, 0.23555153608322144, 0.2087099552154541, 0.2277546226978302, 0.2029115855693817, 0.2078023999929428, 0.20230770111083984, 0.18896688520908356, 0.20356449484825134, 0.18883676826953888, 0.1896497756242752, 0.19307658076286316, 0.18490268290042877, 0.19180628657341003, 0.1845371574163437, 0.17792744934558868, 0.18287049233913422, 0.1770382523536682]","[1.6574922800064087, 0.9729478359222412, 0.6452935338020325, 0.4765067994594574, 0.4118720591068268, 0.37966278195381165, 0.33957192301750183, 0.3009878396987915, 0.2998889684677124, 0.26250872015953064, 0.2567194402217865, 0.25752246379852295, 0.24846599996089935, 0.25755250453948975, 0.2437436431646347, 0.2143278419971466, 0.21848949790000916, 0.21840497851371765, 0.23555153608322144, 0.2087099552154541, 0.2277546226978302, 0.2029115855693817, 0.2078023999929428, 0.20230770111083984, 0.18896688520908356, 0.20356449484825134, 0.18883676826953888, 0.1896497756242752, 0.19307658076286316, 0.18490268290042877, 0.19180628657341003, 0.1845371574163437, 0.17792744934558868, 0.18287049233913422, 0.1770382523536682]",215.3905906677246,True,,,1,acaff19a5a51443e8e86c816d126ee3b,2021-08-04_04-38-58,1628077138,215.3905906677246,1046746,lambda1,140.221.79.11,215.3905906677246,0,1,"8_adam_epsilon=0.93912,batch_size=249,dropout=0.12506,epochs=35,learning_rate=0.0093547,api_key=f89dd177ee1c0e61382850a5a0cf389910abb3d2,project=cpu_only_lambda2_mnist_comparison",0.00935468826351228,0.1250557808915181,249,0.9391240478146375,35,cpu_only_lambda2_mnist_comparison,f89dd177ee1c0e61382850a5a0cf389910abb3d2
911881a2,0.976289413076766,0.9761999845504761,8.942852628990305e-05,"[1.0417935848236084, 0.4670029580593109, 0.37045830488204956, 0.3219282627105713, 0.28702113032341003, 0.2663441300392151, 0.24967247247695923, 0.23612144589424133, 0.22033196687698364, 0.21007007360458374, 0.20148994028568268, 0.1939736306667328, 0.18735431134700775, 0.1822553277015686, 0.17819124460220337, 0.17131634056568146, 0.1665603518486023, 0.16424764692783356, 0.16072781383991241, 0.15673580765724182, 0.15398138761520386, 0.15262460708618164, 0.14874835312366486, 0.14698071777820587, 0.14298295974731445, 0.14395350217819214, 0.137709379196167, 0.13521604239940643, 0.13646221160888672, 0.13186122477054596, 0.1320020854473114, 0.12747801840305328, 0.13022251427173615, 0.123997263610363, 0.12339815497398376, 0.12220657616853714, 0.118721142411232, 0.11799661815166473, 0.11913604289293289, 0.11725407093763351, 0.11614728718996048, 0.11600209772586823, 0.11266656965017319, 0.11305476725101471, 0.11194077134132385, 0.1104857325553894, 0.10976669192314148]","[0.22334714233875275, 0.05643469840288162, 0.0600612536072731, 0.22812747955322266, 0.02110748365521431, 0.059017956256866455, 0.04116126149892807, 0.03695233538746834, 0.015901004895567894, 0.02568424679338932, 0.012985087931156158, 0.04295464977622032, 0.03194339573383331, 0.007875323295593262, 0.02301376685500145, 0.055345259606838226, 0.007404399570077658, 0.015860246494412422, 0.007777981460094452, 0.0038386541418731213, 0.004634377080947161, 0.02033819630742073, 0.005747913848608732, 0.06373600661754608, 0.0057694073766469955, 0.05102406069636345, 0.01353754848241806, 0.012095106765627861, 0.0049859993159770966, 0.0013527034316211939, 0.06493142247200012, 0.017343642190098763, 0.007115107029676437, 0.0012506721541285515, 0.00956658087670803, 0.029369628056883812, 0.0008816939080134034, 0.006684290710836649, 0.021470433101058006, 0.002404681872576475, 0.005240574013441801, 0.05202634260058403, 0.0017878335202112794, 0.004247954580932856, 0.009984824806451797, 0.002619217848405242, 0.003173543605953455]","[0.22334714233875275, 0.05643469840288162, 0.0600612536072731, 0.22812747955322266, 0.02110748365521431, 0.059017956256866455, 0.04116126149892807, 0.03695233538746834, 0.015901004895567894, 0.02568424679338932, 0.012985087931156158, 0.04295464977622032, 0.03194339573383331, 0.007875323295593262, 0.02301376685500145, 0.055345259606838226, 0.007404399570077658, 0.015860246494412422, 0.007777981460094452, 0.0038386541418731213, 0.004634377080947161, 0.02033819630742073, 0.005747913848608732, 0.06373600661754608, 0.0057694073766469955, 0.05102406069636345, 0.01353754848241806, 0.012095106765627861, 0.0049859993159770966, 0.0013527034316211939, 0.06493142247200012, 0.017343642190098763, 0.007115107029676437, 0.0012506721541285515, 0.00956658087670803, 0.029369628056883812, 0.0008816939080134034, 0.006684290710836649, 0.021470433101058006, 0.002404681872576475, 0.005240574013441801, 0.05202634260058403, 0.0017878335202112794, 0.004247954580932856, 0.009984824806451797, 0.002619217848405242, 0.003173543605953455]",425.3791139125824,True,,,1,a5d0bd68d34d4eff9d1b88bbc3d18683,2021-08-04_04-46-16,1628077576,425.3791139125824,1046750,lambda1,140.221.79.11,425.3791139125824,0,1,"9_adam_epsilon=0.98113,batch_size=71,dropout=0.50757,epochs=47,learning_rate=0.038316,api_key=f89dd177ee1c0e61382850a5a0cf389910abb3d2,project=cpu_only_lambda2_mnist_comparison",0.03831647228611167,0.5075710780353663,71,0.9811306675304114,47,cpu_only_lambda2_mnist_comparison,f89dd177ee1c0e61382850a5a0cf389910abb3d2
95f256ac,0.9145736423405734,0.9225999712944031,0.008026328953829709,"[2.2713959217071533, 1.8287315368652344, 1.4018888473510742, 1.0793864727020264, 0.8761333227157593, 0.7503346800804138, 0.6675660014152527, 0.6103000044822693, 0.5649660229682922, 0.5318809747695923, 0.5064117908477783, 0.48286932706832886, 0.4641660153865814, 0.4485815167427063, 0.4341053068637848, 0.4229583740234375, 0.4116063416004181, 0.4039747416973114, 0.3925490975379944, 0.38339054584503174, 0.3761044144630432, 0.369802862405777, 0.363726407289505, 0.3583657145500183, 0.3506419062614441, 0.34565648436546326, 0.3412478268146515, 0.33595895767211914]","[1.8715111017227173, 1.3118281364440918, 0.9366033673286438, 0.7032663226127625, 0.5838024020195007, 0.5340788960456848, 0.48723092675209045, 0.4340766370296478, 0.42530378699302673, 0.4151560366153717, 0.3885760009288788, 0.38788512349128723, 0.3785210847854614, 0.36305758357048035, 0.33932098746299744, 0.33826687932014465, 0.3311241865158081, 0.3316732347011566, 0.34630125761032104, 0.31767863035202026, 0.32952746748924255, 0.33737045526504517, 0.3324655294418335, 0.32010000944137573, 0.3167029917240143, 0.3282472789287567, 0.3097715377807617, 0.3172914683818817]","[1.8715111017227173, 1.3118281364440918, 0.9366033673286438, 0.7032663226127625, 0.5838024020195007, 0.5340788960456848, 0.48723092675209045, 0.4340766370296478, 0.42530378699302673, 0.4151560366153717, 0.3885760009288788, 0.38788512349128723, 0.3785210847854614, 0.36305758357048035, 0.33932098746299744, 0.33826687932014465, 0.3311241865158081, 0.3316732347011566, 0.34630125761032104, 0.31767863035202026, 0.32952746748924255, 0.33737045526504517, 0.3324655294418335, 0.32010000944137573, 0.3167029917240143, 0.3282472789287567, 0.3097715377807617, 0.3172914683818817]",149.0743670463562,True,,,1,35a427e687704049903d23193827a230,2021-08-04_04-49-00,1628077740,149.0743670463562,1046722,lambda1,140.221.79.11,149.0743670463562,0,1,"10_adam_epsilon=0.75489,batch_size=474,dropout=0.20146,epochs=28,learning_rate=0.010682,api_key=f89dd177ee1c0e61382850a5a0cf389910abb3d2,project=cpu_only_lambda2_mnist_comparison",0.010681858002817917,0.20146059392035784,474,0.7548941703982257,28,cpu_only_lambda2_mnist_comparison,f89dd177ee1c0e61382850a5a0cf389910abb3d2
f7a41700,0.6606746077537536,0.6696000099182129,0.00892540216445925,"[2.4624738693237305, 2.4437150955200195, 2.4205548763275146, 2.3981385231018066, 2.3710289001464844, 2.344963550567627, 2.3194613456726074, 2.2926383018493652, 2.2674965858459473, 2.2433698177337646, 2.217886447906494, 2.1949620246887207, 2.1710503101348877, 2.1487631797790527, 2.1243417263031006, 2.1039297580718994, 2.081049680709839, 2.059396743774414, 2.037351608276367, 2.0172719955444336, 1.9949709177017212, 1.9756498336791992, 1.9540677070617676, 1.9339685440063477, 1.9139339923858643, 1.894182801246643, 1.8730239868164062, 1.8550723791122437, 1.8368247747421265, 1.8161258697509766, 1.7953089475631714, 1.7783631086349487, 1.7592897415161133, 1.7396947145462036, 1.7209866046905518, 1.7044658660888672, 1.687066674232483, 1.668005108833313, 1.651681661605835, 1.6345667839050293, 1.6199995279312134, 1.6012719869613647, 1.586912989616394, 1.568534255027771, 1.5543454885482788]","[2.297274589538574, 2.2899980545043945, 2.2810685634613037, 2.2775418758392334, 2.2729904651641846, 2.264644145965576, 2.256413459777832, 2.2519824504852295, 2.240809440612793, 2.240696668624878, 2.22932505607605, 2.221235513687134, 2.217318534851074, 2.21024489402771, 2.1992456912994385, 2.1937241554260254, 2.18746018409729, 2.181095600128174, 2.173286199569702, 2.1650583744049072, 2.160496711730957, 2.148939847946167, 2.1462180614471436, 2.133092164993286, 2.126455545425415, 2.1196889877319336, 2.115269660949707, 2.102684736251831, 2.0956668853759766, 2.0896925926208496, 2.07999587059021, 2.076282024383545, 2.0591328144073486, 2.0461461544036865, 2.0516858100891113, 2.0392508506774902, 2.0302014350891113, 2.0141615867614746, 2.0058295726776123, 1.9998852014541626, 1.9884029626846313, 1.9827218055725098, 1.9726598262786865, 1.9590237140655518, 1.9579113721847534]","[2.297274589538574, 2.2899980545043945, 2.2810685634613037, 2.2775418758392334, 2.2729904651641846, 2.264644145965576, 2.256413459777832, 2.2519824504852295, 2.240809440612793, 2.240696668624878, 2.22932505607605, 2.221235513687134, 2.217318534851074, 2.21024489402771, 2.1992456912994385, 2.1937241554260254, 2.18746018409729, 2.181095600128174, 2.173286199569702, 2.1650583744049072, 2.160496711730957, 2.148939847946167, 2.1462180614471436, 2.133092164993286, 2.126455545425415, 2.1196889877319336, 2.115269660949707, 2.102684736251831, 2.0956668853759766, 2.0896925926208496, 2.07999587059021, 2.076282024383545, 2.0591328144073486, 2.0461461544036865, 2.0516858100891113, 2.0392508506774902, 2.0302014350891113, 2.0141615867614746, 2.0058295726776123, 1.9998852014541626, 1.9884029626846313, 1.9827218055725098, 1.9726598262786865, 1.9590237140655518, 1.9579113721847534]",245.5285770893097,True,,,1,8a32ab7c9f034c37b66db5126f496d3c,2021-08-04_04-53-18,1628077998,245.5285770893097,1046738,lambda1,140.221.79.11,245.5285770893097,0,1,"11_adam_epsilon=0.6479,batch_size=514,dropout=0.20366,epochs=45,learning_rate=0.00017874,api_key=f89dd177ee1c0e61382850a5a0cf389910abb3d2,project=cpu_only_lambda2_mnist_comparison",0.0001787419821529675,0.2036576761305903,514,0.6478990670259184,45,cpu_only_lambda2_mnist_comparison,f89dd177ee1c0e61382850a5a0cf389910abb3d2
914a1f44,0.10434534819796681,0.09300000220537186,0.011345345992594957,"[2.4514641761779785, 2.4512622356414795, 2.45094633102417, 2.450759172439575, 2.4509823322296143, 2.4513914585113525, 2.4507462978363037, 2.4502859115600586, 2.451417922973633, 2.451669692993164, 2.450833797454834, 2.451589345932007, 2.450974702835083, 2.4503867626190186, 2.450843334197998, 2.4509401321411133, 2.4511775970458984, 2.4509530067443848, 2.4509356021881104, 2.4508023262023926]","[2.302286386489868, 2.303920269012451, 2.302788496017456, 2.3027753829956055, 2.304734468460083, 2.302649974822998, 2.303128242492676, 2.30472469329834, 2.3035995960235596, 2.3036720752716064, 2.3032424449920654, 2.303100109100342, 2.303067445755005, 2.3030154705047607, 2.3033621311187744, 2.303480625152588, 2.3036794662475586, 2.3027429580688477, 2.3032069206237793, 2.30436635017395]","[2.302286386489868, 2.303920269012451, 2.302788496017456, 2.3027753829956055, 2.304734468460083, 2.302649974822998, 2.303128242492676, 2.30472469329834, 2.3035995960235596, 2.3036720752716064, 2.3032424449920654, 2.303100109100342, 2.303067445755005, 2.3030154705047607, 2.3033621311187744, 2.303480625152588, 2.3036794662475586, 2.3027429580688477, 2.3032069206237793, 2.30436635017395]",100.66301202774048,True,,,1,bd95f71600db487e8f8fca6358e10d85,2021-08-04_04-55-11,1628078111,100.66301202774048,1046717,lambda1,140.221.79.11,100.66301202774048,0,1,"12_adam_epsilon=1.0,batch_size=628,dropout=0.035848,epochs=20,learning_rate=1e-08,api_key=f89dd177ee1c0e61382850a5a0cf389910abb3d2,project=cpu_only_lambda2_mnist_comparison",1e-08,0.035848326652747495,628,1.0,20,cpu_only_lambda2_mnist_comparison,f89dd177ee1c0e61382850a5a0cf389910abb3d2
d4f58ed6,0.9813186814496805,0.9812999963760376,1.868507364288785e-05,"[0.5018072724342346, 0.2054351568222046, 0.14461977779865265, 0.11268772184848785, 0.09358227998018265, 0.08002720773220062, 0.07077386975288391, 0.06336430460214615, 0.05678384751081467, 0.05108417570590973, 0.046518728137016296, 0.042360395193099976, 0.03967489302158356, 0.03545404225587845, 0.03400135785341263, 0.032084424048662186, 0.029904035851359367, 0.028967589139938354, 0.026332439854741096, 0.024851879104971886, 0.022952567785978317, 0.022337697446346283, 0.02075393870472908, 0.01999252662062645, 0.01859942078590393, 0.017993774265050888, 0.01775388792157173, 0.01637258008122444, 0.01586073637008667, 0.014945072121918201, 0.014520976692438126, 0.013770041055977345, 0.013187757693231106, 0.013628429733216763, 0.011959987692534924, 0.012192338705062866, 0.012068911455571651, 0.011166033335030079, 0.011309065856039524, 0.011289836838841438, 0.011341867968440056, 0.009916355833411217]","[0.09586770832538605, 0.052003178745508194, 0.06164447218179703, 0.07439496368169785, 0.033299919217824936, 0.02452745847404003, 0.013152232393622398, 0.038606543093919754, 0.019964592531323433, 0.012826615944504738, 0.03348047658801079, 0.014232214540243149, 0.025704173371195793, 0.010937864892184734, 0.013219047337770462, 0.003538917051628232, 0.008336544968187809, 0.006211567670106888, 0.009187103249132633, 0.007776328362524509, 0.00919434055685997, 0.004349022638052702, 0.009268783032894135, 0.004728945903480053, 0.004509294405579567, 0.005807885434478521, 0.00156200781930238, 0.0027621230110526085, 0.002311118645593524, 0.006849135737866163, 0.0036560038570314646, 0.0017764687072485685, 0.0019686631858348846, 0.0040700603276491165, 0.0007135006599128246, 0.0018837482202798128, 0.003360025817528367, 0.0015078714350238442, 0.0006434754468500614, 0.0011999906273558736, 0.0038857620675116777, 0.0023318773601204157]","[0.09586770832538605, 0.052003178745508194, 0.06164447218179703, 0.07439496368169785, 0.033299919217824936, 0.02452745847404003, 0.013152232393622398, 0.038606543093919754, 0.019964592531323433, 0.012826615944504738, 0.03348047658801079, 0.014232214540243149, 0.025704173371195793, 0.010937864892184734, 0.013219047337770462, 0.003538917051628232, 0.008336544968187809, 0.006211567670106888, 0.009187103249132633, 0.007776328362524509, 0.00919434055685997, 0.004349022638052702, 0.009268783032894135, 0.004728945903480053, 0.004509294405579567, 0.005807885434478521, 0.00156200781930238, 0.0027621230110526085, 0.002311118645593524, 0.006849135737866163, 0.0036560038570314646, 0.0017764687072485685, 0.0019686631858348846, 0.0040700603276491165, 0.0007135006599128246, 0.0018837482202798128, 0.003360025817528367, 0.0015078714350238442, 0.0006434754468500614, 0.0011999906273558736, 0.0038857620675116777, 0.0023318773601204157]",419.4849190711975,True,,,1,bf3a7f656de34ed89ce30655e5062ab7,2021-08-04_05-02-26,1628078546,419.4849190711975,1046730,lambda1,140.221.79.11,419.4849190711975,0,1,"13_adam_epsilon=0.43129,batch_size=55,dropout=0.081647,epochs=42,learning_rate=0.062255,api_key=f89dd177ee1c0e61382850a5a0cf389910abb3d2,project=cpu_only_lambda2_mnist_comparison",0.062255335076633465,0.08164719314601218,55,0.43128651322477723,42,cpu_only_lambda2_mnist_comparison,f89dd177ee1c0e61382850a5a0cf389910abb3d2
d8125d0a,0.9574541835223928,0.957099974155426,0.000354209366966729,"[2.006988048553467, 1.1487549543380737, 0.7523778080940247, 0.5964572429656982, 0.5215004682540894, 0.46961677074432373, 0.4312182664871216, 0.4068439304828644, 0.3850918710231781, 0.3664519786834717, 0.34916096925735474, 0.3359192907810211, 0.32119202613830566, 0.3094991147518158, 0.3019104599952698, 0.2912108302116394, 0.2831667959690094, 0.27397406101226807, 0.26560989022254944, 0.25709521770477295, 0.2512386441230774, 0.24512651562690735, 0.23943330347537994, 0.23398882150650024, 0.23037633299827576, 0.22600306570529938, 0.21797971427440643, 0.21407723426818848, 0.21095158159732819, 0.20662735402584076, 0.20157600939273834, 0.19902490079402924, 0.1945788711309433, 0.19248530268669128, 0.18706299364566803, 0.1869397610425949, 0.1835707128047943]","[0.9710601568222046, 0.5937159657478333, 0.5267465710639954, 0.46653929352760315, 0.42642486095428467, 0.3851456940174103, 0.380637526512146, 0.3339487314224243, 0.31185221672058105, 0.3040529489517212, 0.3003670871257782, 0.2885138690471649, 0.3222459554672241, 0.284446656703949, 0.271626740694046, 0.3102875351905823, 0.2559061050415039, 0.2265021950006485, 0.22913384437561035, 0.2645736336708069, 0.26070645451545715, 0.22730563580989838, 0.24120821058750153, 0.212877094745636, 0.22203120589256287, 0.17519362270832062, 0.19893339276313782, 0.21416102349758148, 0.1946713626384735, 0.1904311627149582, 0.2114785760641098, 0.2191982865333557, 0.18691523373126984, 0.15459895133972168, 0.19857321679592133, 0.19456975162029266, 0.1907562017440796]","[0.9710601568222046, 0.5937159657478333, 0.5267465710639954, 0.46653929352760315, 0.42642486095428467, 0.3851456940174103, 0.380637526512146, 0.3339487314224243, 0.31185221672058105, 0.3040529489517212, 0.3003670871257782, 0.2885138690471649, 0.3222459554672241, 0.284446656703949, 0.271626740694046, 0.3102875351905823, 0.2559061050415039, 0.2265021950006485, 0.22913384437561035, 0.2645736336708069, 0.26070645451545715, 0.22730563580989838, 0.24120821058750153, 0.212877094745636, 0.22203120589256287, 0.17519362270832062, 0.19893339276313782, 0.21416102349758148, 0.1946713626384735, 0.1904311627149582, 0.2114785760641098, 0.2191982865333557, 0.18691523373126984, 0.15459895133972168, 0.19857321679592133, 0.19456975162029266, 0.1907562017440796]",191.1074731349945,True,,,1,a675b546c0a14a1e97175e327ac889b3,2021-08-04_05-05-49,1628078749,191.1074731349945,1248157,lambda1,140.221.79.11,191.1074731349945,0,1,"14_adam_epsilon=0.94929,batch_size=593,dropout=0.27264,epochs=37,learning_rate=0.062337,api_key=f89dd177ee1c0e61382850a5a0cf389910abb3d2,project=cpu_only_lambda2_mnist_comparison",0.062336982304496254,0.2726407905139383,593,0.9492860050902685,37,cpu_only_lambda2_mnist_comparison,f89dd177ee1c0e61382850a5a0cf389910abb3d2
51ad99ea,0.8668005010660957,0.8741999864578247,0.007399485391728966,"[2.4776711463928223, 2.311915159225464, 2.159014940261841, 2.016901731491089, 1.8896944522857666, 1.7597448825836182, 1.6405107975006104, 1.529410719871521, 1.4262893199920654, 1.3337655067443848, 1.2531572580337524, 1.1844053268432617, 1.1232736110687256, 1.0678638219833374, 1.0213258266448975, 0.9814414978027344, 0.9428166747093201, 0.9087029099464417, 0.8828788995742798, 0.8555840849876404, 0.8305442929267883, 0.8093379735946655, 0.7917264699935913, 0.7703365683555603, 0.7567084431648254, 0.7394003868103027, 0.7250276207923889]","[2.249433755874634, 2.140991449356079, 2.108774185180664, 1.967706322669983, 1.8135212659835815, 1.6830531358718872, 1.5740562677383423, 1.418206810951233, 1.3230103254318237, 1.2433476448059082, 1.1188637018203735, 0.9179132580757141, 1.0229052305221558, 0.9600577354431152, 0.8673068881034851, 0.8622826933860779, 0.8649658560752869, 0.7636425495147705, 0.6406424641609192, 0.6914865374565125, 0.6000507473945618, 0.722088098526001, 0.5289657115936279, 0.715640127658844, 0.6525521278381348, 0.5696523785591125, 0.417044997215271]","[2.249433755874634, 2.140991449356079, 2.108774185180664, 1.967706322669983, 1.8135212659835815, 1.6830531358718872, 1.5740562677383423, 1.418206810951233, 1.3230103254318237, 1.2433476448059082, 1.1188637018203735, 0.9179132580757141, 1.0229052305221558, 0.9600577354431152, 0.8673068881034851, 0.8622826933860779, 0.8649658560752869, 0.7636425495147705, 0.6406424641609192, 0.6914865374565125, 0.6000507473945618, 0.722088098526001, 0.5289657115936279, 0.715640127658844, 0.6525521278381348, 0.5696523785591125, 0.417044997215271]",136.8385136127472,True,,,1,c4bfa163b9214b2199bde2adfc64f8c8,2021-08-04_05-08-21,1628078901,136.8385136127472,1248156,lambda1,140.221.79.11,136.8385136127472,0,1,"15_adam_epsilon=0.97974,batch_size=612,dropout=0.53941,epochs=27,learning_rate=0.0043409,api_key=f89dd177ee1c0e61382850a5a0cf389910abb3d2,project=cpu_only_lambda2_mnist_comparison",0.004340907236709161,0.5394100431389062,612,0.9797363837921972,27,cpu_only_lambda2_mnist_comparison,f89dd177ee1c0e61382850a5a0cf389910abb3d2
abfdfa20,0.9485554371377547,0.954200029373169,0.0056445922354142475,"[1.5002440214157104, 0.6189155578613281, 0.4558444023132324, 0.3945196270942688, 0.3606150448322296, 0.3378300666809082, 0.32042446732521057, 0.3065774738788605, 0.294700562953949, 0.2841832935810089, 0.27513745427131653, 0.26669472455978394, 0.25884366035461426, 0.25169745087623596, 0.24508944153785706, 0.23873542249202728, 0.23253275454044342, 0.2271958887577057, 0.2217836230993271, 0.2166890650987625, 0.21194158494472504, 0.2072232961654663, 0.20284521579742432, 0.1985461413860321, 0.19445212185382843, 0.19052261114120483, 0.1867537796497345, 0.1830844283103943, 0.179671511054039, 0.17622408270835876, 0.1728956401348114, 0.16994857788085938, 0.1672409623861313, 0.16408054530620575, 0.16122649610042572, 0.1586463749408722, 0.15610919892787933, 0.15336187183856964, 0.1513722687959671]","[0.9121058583259583, 0.4197951555252075, 0.2683665454387665, 0.19953787326812744, 0.1645994931459427, 0.13862891495227814, 0.12081102281808853, 0.10458488017320633, 0.10059279203414917, 0.09387600421905518, 0.08824291825294495, 0.08704373240470886, 0.0822071060538292, 0.07770839333534241, 0.0749443769454956, 0.07304392755031586, 0.07202578336000443, 0.06810704618692398, 0.06624168157577515, 0.06445695459842682, 0.0642017126083374, 0.06067068874835968, 0.05877944827079773, 0.05893808603286743, 0.05588800832629204, 0.05487963557243347, 0.053397130221128464, 0.050860077142715454, 0.05127257481217384, 0.051214028149843216, 0.04997662827372551, 0.0490071065723896, 0.046008314937353134, 0.04384879395365715, 0.044039785861968994, 0.04324232414364815, 0.048063308000564575, 0.041855260729789734, 0.0393013097345829]","[0.9121058583259583, 0.4197951555252075, 0.2683665454387665, 0.19953787326812744, 0.1645994931459427, 0.13862891495227814, 0.12081102281808853, 0.10458488017320633, 0.10059279203414917, 0.09387600421905518, 0.08824291825294495, 0.08704373240470886, 0.0822071060538292, 0.07770839333534241, 0.0749443769454956, 0.07304392755031586, 0.07202578336000443, 0.06810704618692398, 0.06624168157577515, 0.06445695459842682, 0.0642017126083374, 0.06067068874835968, 0.05877944827079773, 0.05893808603286743, 0.05588800832629204, 0.05487963557243347, 0.053397130221128464, 0.050860077142715454, 0.05127257481217384, 0.051214028149843216, 0.04997662827372551, 0.0490071065723896, 0.046008314937353134, 0.04384879395365715, 0.044039785861968994, 0.04324232414364815, 0.048063308000564575, 0.041855260729789734, 0.0393013097345829]",514.4934024810791,True,,,1,68a671bd4365423d849d330719813a2b,2021-08-04_05-17-08,1628079428,514.4934024810791,1248088,lambda1,140.221.79.11,514.4934024810791,0,1,"16_adam_epsilon=0.37506,batch_size=36,dropout=0.0011384,epochs=39,learning_rate=0.0012136,api_key=f89dd177ee1c0e61382850a5a0cf389910abb3d2,project=cpu_only_lambda2_mnist_comparison",0.0012136410035322454,0.0011384073322953175,36,0.37505987600152474,39,cpu_only_lambda2_mnist_comparison,f89dd177ee1c0e61382850a5a0cf389910abb3d2
e653a2be,0.9768231719523877,0.9751999974250793,0.0016231745273083131,"[0.48855048418045044, 0.2653300166130066, 0.22482100129127502, 0.2002083659172058, 0.1850740611553192, 0.17546604573726654, 0.16940060257911682, 0.16365472972393036, 0.15658530592918396, 0.15054023265838623, 0.14718709886074066, 0.14656522870063782, 0.13969463109970093, 0.13679569959640503, 0.13388045132160187, 0.13163529336452484]","[0.04992325231432915, 0.050172336399555206, 0.06840074062347412, 0.08538677543401718, 0.013647234067320824, 0.018736377358436584, 0.003042542142793536, 0.005957547575235367, 0.002439405070617795, 0.012265813536942005, 0.0051273806020617485, 0.008655301295220852, 0.013889214023947716, 0.00235579302534461, 0.0012827236205339432, 0.006357071455568075]","[0.04992325231432915, 0.050172336399555206, 0.06840074062347412, 0.08538677543401718, 0.013647234067320824, 0.018736377358436584, 0.003042542142793536, 0.005957547575235367, 0.002439405070617795, 0.012265813536942005, 0.0051273806020617485, 0.008655301295220852, 0.013889214023947716, 0.00235579302534461, 0.0012827236205339432, 0.006357071455568075]",448.96644949913025,True,,,1,bdadbc1dec644427858c31ad576c70b0,2021-08-04_05-24-51,1628079891,448.96644949913025,1248039,lambda1,140.221.79.11,448.96644949913025,0,1,"17_adam_epsilon=0.98442,batch_size=14,dropout=0.54192,epochs=16,learning_rate=0.061672,api_key=f89dd177ee1c0e61382850a5a0cf389910abb3d2,project=cpu_only_lambda2_mnist_comparison",0.06167160967816559,0.5419235706621839,14,0.984417128214843,16,cpu_only_lambda2_mnist_comparison,f89dd177ee1c0e61382850a5a0cf389910abb3d2
fa0e17c0,0.9188811282535175,0.9275000095367432,0.008618881283225632,"[2.171111583709717, 1.6839312314987183, 1.3642158508300781, 1.155108094215393, 1.021327257156372, 0.9257939457893372, 0.853090763092041, 0.7960890531539917, 0.7541628479957581, 0.7184146642684937, 0.6872195601463318, 0.6649318337440491, 0.6435405015945435, 0.6239257454872131, 0.6028895974159241, 0.5933271050453186, 0.5787744522094727, 0.5642854571342468, 0.5545664429664612, 0.5441176891326904, 0.5331906080245972, 0.528423547744751, 0.5151185989379883, 0.505844235420227, 0.4998771548271179, 0.49449488520622253, 0.4872300326824188, 0.4813097417354584, 0.4740382730960846, 0.47036388516426086, 0.46231526136398315, 0.4564724564552307, 0.4540233612060547, 0.4494234025478363, 0.4454106390476227, 0.440228670835495, 0.43951013684272766, 0.43384116888046265, 0.43035992980003357, 0.42577916383743286, 0.42480358481407166, 0.41869550943374634, 0.4159260094165802, 0.41335853934288025, 0.41127321124076843, 0.4110080301761627, 0.40494874119758606, 0.4008348286151886, 0.39833810925483704, 0.396523654460907, 0.39371436834335327, 0.38824549317359924, 0.3884645104408264, 0.38724255561828613, 0.38223448395729065, 0.38095417618751526, 0.3808177709579468, 0.37692901492118835, 0.37297365069389343, 0.37176838517189026, 0.37167593836784363, 0.3694842457771301, 0.3658638298511505]","[2.14465069770813, 1.9564247131347656, 1.6096755266189575, 1.4761962890625, 1.3483281135559082, 1.1259220838546753, 0.8022481799125671, 0.8246610760688782, 0.7945652008056641, 0.8192493319511414, 0.538982093334198, 0.5142175555229187, 0.6105462908744812, 0.613459050655365, 0.43968164920806885, 0.4911007881164551, 0.571382462978363, 0.42835596203804016, 0.5227548480033875, 0.34471094608306885, 0.3073482811450958, 0.3729386329650879, 0.20067821443080902, 0.25400424003601074, 0.32626140117645264, 0.3786354959011078, 0.47848057746887207, 0.2734667956829071, 0.31791165471076965, 0.2056531459093094, 0.30675163865089417, 0.241568922996521, 0.2850460708141327, 0.32022836804389954, 0.3304848372936249, 0.3789997100830078, 0.25597360730171204, 0.19729731976985931, 0.13444958627223969, 0.28265470266342163, 0.3317178189754486, 0.35031256079673767, 0.2917534112930298, 0.2668096125125885, 0.25947192311286926, 0.2602294087409973, 0.14978183805942535, 0.33215224742889404, 0.1416770964860916, 0.2045295089483261, 0.2446761280298233, 0.12032824009656906, 0.2532220184803009, 0.08691547065973282, 0.12943831086158752, 0.20563454926013947, 0.18767893314361572, 0.20810182392597198, 0.3012516498565674, 0.18566037714481354, 0.1640104502439499, 0.20421691238880157, 0.14868150651454926]","[2.14465069770813, 1.9564247131347656, 1.6096755266189575, 1.4761962890625, 1.3483281135559082, 1.1259220838546753, 0.8022481799125671, 0.8246610760688782, 0.7945652008056641, 0.8192493319511414, 0.538982093334198, 0.5142175555229187, 0.6105462908744812, 0.613459050655365, 0.43968164920806885, 0.4911007881164551, 0.571382462978363, 0.42835596203804016, 0.5227548480033875, 0.34471094608306885, 0.3073482811450958, 0.3729386329650879, 0.20067821443080902, 0.25400424003601074, 0.32626140117645264, 0.3786354959011078, 0.47848057746887207, 0.2734667956829071, 0.31791165471076965, 0.2056531459093094, 0.30675163865089417, 0.241568922996521, 0.2850460708141327, 0.32022836804389954, 0.3304848372936249, 0.3789997100830078, 0.25597360730171204, 0.19729731976985931, 0.13444958627223969, 0.28265470266342163, 0.3317178189754486, 0.35031256079673767, 0.2917534112930298, 0.2668096125125885, 0.25947192311286926, 0.2602294087409973, 0.14978183805942535, 0.33215224742889404, 0.1416770964860916, 0.2045295089483261, 0.2446761280298233, 0.12032824009656906, 0.2532220184803009, 0.08691547065973282, 0.12943831086158752, 0.20563454926013947, 0.18767893314361572, 0.20810182392597198, 0.3012516498565674, 0.18566037714481354, 0.1640104502439499, 0.20421691238880157, 0.14868150651454926]",1943.3880620002747,True,,,1,6147e0880fde43de9596d5523142cbd0,2021-08-04_05-57-32,1628081852,1943.3880620002747,1248007,lambda1,140.221.79.11,1943.3880620002747,0,1,"18_adam_epsilon=0.99838,batch_size=11,dropout=0.49182,epochs=63,learning_rate=0.00016561,api_key=f89dd177ee1c0e61382850a5a0cf389910abb3d2,project=cpu_only_lambda2_mnist_comparison",0.0001656056182732454,0.49181547408993626,11,0.9983817907102229,63,cpu_only_lambda2_mnist_comparison,f89dd177ee1c0e61382850a5a0cf389910abb3d2
8c1c74d2,0.9670603064929738,0.9681000113487244,0.0010397048557505562,"[1.8128879070281982, 0.9338209629058838, 0.6711024641990662, 0.5588148832321167, 0.49656909704208374, 0.44913193583488464, 0.41863805055618286, 0.38788509368896484, 0.3674529492855072, 0.34822824597358704, 0.33293643593788147, 0.31828773021698, 0.3033182919025421, 0.29567039012908936, 0.28669917583465576, 0.27660617232322693, 0.26899707317352295, 0.26096102595329285, 0.2534942030906677, 0.24963361024856567, 0.24193307757377625, 0.23942941427230835, 0.23291808366775513, 0.2270926535129547, 0.22236095368862152, 0.2196887880563736, 0.21464593708515167, 0.2127324342727661, 0.2111058235168457, 0.20603521168231964, 0.2033734768629074, 0.20080439746379852, 0.19883592426776886, 0.19741158187389374, 0.19311238825321198, 0.19146032631397247, 0.187378391623497, 0.18680088222026825, 0.1811147779226303, 0.1812981814146042, 0.17959794402122498, 0.17645049095153809]","[0.563195526599884, 0.37181001901626587, 0.2811625897884369, 0.26825112104415894, 0.24709421396255493, 0.2572416663169861, 0.1996283233165741, 0.24041607975959778, 0.18225231766700745, 0.1952093541622162, 0.17029105126857758, 0.178299218416214, 0.1539742350578308, 0.1901627629995346, 0.16358734667301178, 0.16163299977779388, 0.1458221673965454, 0.1601312756538391, 0.17050497233867645, 0.1567283570766449, 0.15083442628383636, 0.15915623307228088, 0.15147103369235992, 0.1933620274066925, 0.13916243612766266, 0.17496062815189362, 0.13451898097991943, 0.1380697786808014, 0.13039550185203552, 0.1133299171924591, 0.11112793534994125, 0.13882264494895935, 0.15760760009288788, 0.18919400870800018, 0.11877964437007904, 0.10623084753751755, 0.12480884790420532, 0.10350503772497177, 0.11576435714960098, 0.11701387166976929, 0.11191769689321518, 0.11111113429069519]","[0.563195526599884, 0.37181001901626587, 0.2811625897884369, 0.26825112104415894, 0.24709421396255493, 0.2572416663169861, 0.1996283233165741, 0.24041607975959778, 0.18225231766700745, 0.1952093541622162, 0.17029105126857758, 0.178299218416214, 0.1539742350578308, 0.1901627629995346, 0.16358734667301178, 0.16163299977779388, 0.1458221673965454, 0.1601312756538391, 0.17050497233867645, 0.1567283570766449, 0.15083442628383636, 0.15915623307228088, 0.15147103369235992, 0.1933620274066925, 0.13916243612766266, 0.17496062815189362, 0.13451898097991943, 0.1380697786808014, 0.13039550185203552, 0.1133299171924591, 0.11112793534994125, 0.13882264494895935, 0.15760760009288788, 0.18919400870800018, 0.11877964437007904, 0.10623084753751755, 0.12480884790420532, 0.10350503772497177, 0.11576435714960098, 0.11701387166976929, 0.11191769689321518, 0.11111113429069519]",216.67750525474548,True,,,1,73b60c6049bf41bab5ddabbcf18192a1,2021-08-04_06-01-23,1628082083,216.67750525474548,1247975,lambda1,140.221.79.11,216.67750525474548,0,1,"19_adam_epsilon=0.3978,batch_size=616,dropout=0.55291,epochs=42,learning_rate=0.059807,api_key=f89dd177ee1c0e61382850a5a0cf389910abb3d2,project=cpu_only_lambda2_mnist_comparison",0.05980729628364823,0.5529101455527531,616,0.39779830115844733,42,cpu_only_lambda2_mnist_comparison,f89dd177ee1c0e61382850a5a0cf389910abb3d2
144a01a8,0.10556553595739862,0.09300000220537186,0.012565533752026764,"[2.448234796524048, 2.448234796524048, 2.4482345581054688, 2.4482345581054688, 2.4482345581054688, 2.4482345581054688, 2.4482343196868896, 2.4482343196868896, 2.4482340812683105, 2.4482340812683105, 2.4482340812683105, 2.4482338428497314, 2.4482338428497314, 2.4482336044311523, 2.4482336044311523, 2.4482336044311523, 2.4482333660125732, 2.448233127593994, 2.448233127593994, 2.448232889175415, 2.4482321739196777, 2.4482319355010986, 2.4482319355010986, 2.4482319355010986, 2.4482316970825195, 2.4482316970825195, 2.4482314586639404, 2.4482314586639404, 2.4482309818267822, 2.4482309818267822, 2.4482309818267822, 2.448230743408203, 2.448230504989624, 2.448230504989624, 2.448230504989624, 2.448230266571045, 2.448230266571045, 2.448230028152466, 2.4482297897338867, 2.4482297897338867, 2.4482293128967285, 2.4482293128967285, 2.4482290744781494, 2.4482290744781494, 2.4482290744781494, 2.4482288360595703, 2.4482288360595703, 2.448228597640991, 2.448228359222412, 2.448228359222412, 2.448228359222412, 2.448228120803833, 2.448228120803833, 2.448227882385254, 2.4482271671295166, 2.4482271671295166, 2.4482269287109375, 2.4482269287109375, 2.4482264518737793, 2.4482262134552, 2.4482262134552, 2.448225736618042, 2.448225736618042, 2.448225736618042, 2.448225498199463]","[2.311527729034424, 2.311527729034424, 2.311527729034424, 2.311527729034424, 2.311527729034424, 2.311527729034424, 2.311527729034424, 2.311527729034424, 2.311527729034424, 2.311527729034424, 2.311527729034424, 2.311527729034424, 2.311527729034424, 2.311527729034424, 2.311527729034424, 2.311527729034424, 2.311527729034424, 2.311527729034424, 2.3115274906158447, 2.3115274906158447, 2.3115272521972656, 2.3115272521972656, 2.3115272521972656, 2.3115272521972656, 2.3115272521972656, 2.311527729034424, 2.311527729034424, 2.311527729034424, 2.311527729034424, 2.311527729034424, 2.3115274906158447, 2.3115274906158447, 2.3115274906158447, 2.3115272521972656, 2.3115272521972656, 2.3115272521972656, 2.3115272521972656, 2.311527729034424, 2.3115274906158447, 2.311527729034424, 2.311527729034424, 2.311527729034424, 2.311527729034424, 2.3115272521972656, 2.311527729034424, 2.311527729034424, 2.311527729034424, 2.311527729034424, 2.3115272521972656, 2.3115272521972656, 2.3115272521972656, 2.3115272521972656, 2.3115272521972656, 2.3115272521972656, 2.3115272521972656, 2.3115272521972656, 2.3115272521972656, 2.3115272521972656, 2.3115272521972656, 2.3115272521972656, 2.3115272521972656, 2.3115272521972656, 2.3115272521972656, 2.311527729034424, 2.311527729034424]","[2.311527729034424, 2.311527729034424, 2.311527729034424, 2.311527729034424, 2.311527729034424, 2.311527729034424, 2.311527729034424, 2.311527729034424, 2.311527729034424, 2.311527729034424, 2.311527729034424, 2.311527729034424, 2.311527729034424, 2.311527729034424, 2.311527729034424, 2.311527729034424, 2.311527729034424, 2.311527729034424, 2.3115274906158447, 2.3115274906158447, 2.3115272521972656, 2.3115272521972656, 2.3115272521972656, 2.3115272521972656, 2.3115272521972656, 2.311527729034424, 2.311527729034424, 2.311527729034424, 2.311527729034424, 2.311527729034424, 2.3115274906158447, 2.3115274906158447, 2.3115274906158447, 2.3115272521972656, 2.3115272521972656, 2.3115272521972656, 2.3115272521972656, 2.311527729034424, 2.3115274906158447, 2.311527729034424, 2.311527729034424, 2.311527729034424, 2.311527729034424, 2.3115272521972656, 2.311527729034424, 2.311527729034424, 2.311527729034424, 2.311527729034424, 2.3115272521972656, 2.3115272521972656, 2.3115272521972656, 2.3115272521972656, 2.3115272521972656, 2.3115272521972656, 2.3115272521972656, 2.3115272521972656, 2.3115272521972656, 2.3115272521972656, 2.3115272521972656, 2.3115272521972656, 2.3115272521972656, 2.3115272521972656, 2.3115272521972656, 2.311527729034424, 2.311527729034424]",353.0643382072449,True,,,1,f582554a2ccd44039362115392ad648e,2021-08-04_06-07-31,1628082451,353.0643382072449,1247976,lambda1,140.221.79.11,353.0643382072449,0,1,"20_adam_epsilon=1.0,batch_size=447,dropout=0.0,epochs=65,learning_rate=1e-08,api_key=f89dd177ee1c0e61382850a5a0cf389910abb3d2,project=cpu_only_lambda2_mnist_comparison",1e-08,0.0,447,1.0,65,cpu_only_lambda2_mnist_comparison,f89dd177ee1c0e61382850a5a0cf389910abb3d2
f1607a86,0.10434534819796681,0.09300000220537186,0.011345345992594957,"[2.448234796524048, 2.448234796524048, 2.448234796524048, 2.448234796524048, 2.448234796524048, 2.448234796524048, 2.448234796524048, 2.448234796524048, 2.4482345581054688, 2.4482345581054688, 2.4482345581054688, 2.4482345581054688, 2.4482340812683105, 2.4482340812683105, 2.4482340812683105, 2.4482338428497314, 2.4482338428497314, 2.4482338428497314, 2.4482338428497314, 2.4482336044311523, 2.4482336044311523, 2.448233127593994, 2.448233127593994, 2.448233127593994, 2.448233127593994, 2.448233127593994, 2.448233127593994, 2.448232889175415, 2.448232889175415, 2.448232889175415, 2.448232889175415, 2.448232889175415, 2.448232650756836, 2.448232650756836, 2.448232650756836, 2.448232650756836, 2.4482321739196777, 2.4482321739196777, 2.4482319355010986, 2.4482319355010986, 2.4482319355010986, 2.4482316970825195, 2.4482316970825195, 2.4482314586639404, 2.4482314586639404, 2.4482314586639404, 2.4482309818267822, 2.448230743408203, 2.448230504989624, 2.448230266571045, 2.448230266571045, 2.448230266571045, 2.448230028152466, 2.448230028152466, 2.4482297897338867, 2.4482297897338867, 2.4482297897338867, 2.4482297897338867, 2.4482293128967285, 2.4482293128967285, 2.4482293128967285, 2.4482290744781494, 2.4482290744781494, 2.4482288360595703, 2.448228597640991, 2.448228359222412]","[2.303187131881714, 2.303187131881714, 2.303187131881714, 2.303187131881714, 2.303187131881714, 2.303187131881714, 2.303187131881714, 2.303187131881714, 2.303187131881714, 2.303187131881714, 2.303187131881714, 2.303187131881714, 2.303187131881714, 2.303187131881714, 2.303187131881714, 2.303187131881714, 2.303187131881714, 2.303187131881714, 2.303187131881714, 2.303187131881714, 2.303187131881714, 2.3031866550445557, 2.3031866550445557, 2.3031866550445557, 2.3031866550445557, 2.3031866550445557, 2.3031866550445557, 2.3031866550445557, 2.3031866550445557, 2.3031866550445557, 2.3031866550445557, 2.3031866550445557, 2.3031866550445557, 2.3031866550445557, 2.3031866550445557, 2.3031864166259766, 2.3031864166259766, 2.3031866550445557, 2.3031866550445557, 2.3031866550445557, 2.3031866550445557, 2.3031866550445557, 2.3031866550445557, 2.3031866550445557, 2.3031866550445557, 2.3031866550445557, 2.3031866550445557, 2.3031866550445557, 2.3031866550445557, 2.3031866550445557, 2.3031866550445557, 2.3031866550445557, 2.3031866550445557, 2.3031866550445557, 2.3031866550445557, 2.3031866550445557, 2.3031866550445557, 2.3031866550445557, 2.3031864166259766, 2.3031864166259766, 2.3031864166259766, 2.3031864166259766, 2.3031864166259766, 2.3031864166259766, 2.3031864166259766, 2.3031864166259766]","[2.303187131881714, 2.303187131881714, 2.303187131881714, 2.303187131881714, 2.303187131881714, 2.303187131881714, 2.303187131881714, 2.303187131881714, 2.303187131881714, 2.303187131881714, 2.303187131881714, 2.303187131881714, 2.303187131881714, 2.303187131881714, 2.303187131881714, 2.303187131881714, 2.303187131881714, 2.303187131881714, 2.303187131881714, 2.303187131881714, 2.303187131881714, 2.3031866550445557, 2.3031866550445557, 2.3031866550445557, 2.3031866550445557, 2.3031866550445557, 2.3031866550445557, 2.3031866550445557, 2.3031866550445557, 2.3031866550445557, 2.3031866550445557, 2.3031866550445557, 2.3031866550445557, 2.3031866550445557, 2.3031866550445557, 2.3031864166259766, 2.3031864166259766, 2.3031866550445557, 2.3031866550445557, 2.3031866550445557, 2.3031866550445557, 2.3031866550445557, 2.3031866550445557, 2.3031866550445557, 2.3031866550445557, 2.3031866550445557, 2.3031866550445557, 2.3031866550445557, 2.3031866550445557, 2.3031866550445557, 2.3031866550445557, 2.3031866550445557, 2.3031866550445557, 2.3031866550445557, 2.3031866550445557, 2.3031866550445557, 2.3031866550445557, 2.3031866550445557, 2.3031864166259766, 2.3031864166259766, 2.3031864166259766, 2.3031864166259766, 2.3031864166259766, 2.3031864166259766, 2.3031864166259766, 2.3031864166259766]",366.26773715019226,True,,,1,d4718a281b5446e98560c609aea0d978,2021-08-04_06-13-49,1628082829,366.26773715019226,1247963,lambda1,140.221.79.11,366.26773715019226,0,1,"21_adam_epsilon=1.0,batch_size=628,dropout=0.0,epochs=66,learning_rate=1e-08,api_key=f89dd177ee1c0e61382850a5a0cf389910abb3d2,project=cpu_only_lambda2_mnist_comparison",1e-08,0.0,628,1.0,66,cpu_only_lambda2_mnist_comparison,f89dd177ee1c0e61382850a5a0cf389910abb3d2
d155521a,0.9264214249218211,0.9336000084877014,0.007178583565880303,"[2.1574161052703857, 1.4930311441421509, 0.9791633486747742, 0.7237812280654907, 0.5938682556152344, 0.5195381045341492, 0.4698995053768158, 0.43627437949180603, 0.41162529587745667, 0.3917161226272583, 0.37500494718551636, 0.36059966683387756, 0.3493695557117462, 0.3400135338306427, 0.3301999270915985, 0.32068324089050293, 0.3126318156719208, 0.30540731549263, 0.2994084358215332, 0.2918965220451355, 0.286263108253479, 0.28025710582733154, 0.2746296525001526, 0.2699829936027527, 0.2641845643520355, 0.2598593831062317]","[1.3749406337738037, 0.7133463025093079, 0.49819886684417725, 0.4042908549308777, 0.35846757888793945, 0.3357100188732147, 0.29969215393066406, 0.28897392749786377, 0.2783493101596832, 0.26905733346939087, 0.25842392444610596, 0.2473343163728714, 0.24423904716968536, 0.23926721513271332, 0.23478305339813232, 0.2364061176776886, 0.22121386229991913, 0.21460604667663574, 0.22481445968151093, 0.21643394231796265, 0.20358888804912567, 0.20814751088619232, 0.19792082905769348, 0.18919183313846588, 0.1935614049434662, 0.1938444823026657]","[1.3749406337738037, 0.7133463025093079, 0.49819886684417725, 0.4042908549308777, 0.35846757888793945, 0.3357100188732147, 0.29969215393066406, 0.28897392749786377, 0.2783493101596832, 0.26905733346939087, 0.25842392444610596, 0.2473343163728714, 0.24423904716968536, 0.23926721513271332, 0.23478305339813232, 0.2364061176776886, 0.22121386229991913, 0.21460604667663574, 0.22481445968151093, 0.21643394231796265, 0.20358888804912567, 0.20814751088619232, 0.19792082905769348, 0.18919183313846588, 0.1935614049434662, 0.1938444823026657]",129.49311757087708,True,,,1,e2fa76069e664922aad1826dda1958b1,2021-08-04_06-16-12,1628082972,129.49311757087708,1247962,lambda1,140.221.79.11,129.49311757087708,0,1,"22_adam_epsilon=0.3815,batch_size=617,dropout=0.050632,epochs=26,learning_rate=0.013851,api_key=f89dd177ee1c0e61382850a5a0cf389910abb3d2,project=cpu_only_lambda2_mnist_comparison",0.013850748788242653,0.050631782889441354,617,0.381500004161053,26,cpu_only_lambda2_mnist_comparison,f89dd177ee1c0e61382850a5a0cf389910abb3d2
279104ee,0.1041505786457232,0.09300000220537186,0.011150576440351348,"[2.448235511779785, 2.448235511779785, 2.448235511779785, 2.448235511779785, 2.448235273361206, 2.448235273361206, 2.448234796524048, 2.448234796524048, 2.448234796524048, 2.4482343196868896]","[2.319685935974121, 2.319685935974121, 2.319685935974121, 2.319685935974121, 2.319685935974121, 2.319685935974121, 2.319685935974121, 2.319685935974121, 2.319685935974121, 2.319685935974121]","[2.319685935974121, 2.319685935974121, 2.319685935974121, 2.319685935974121, 2.319685935974121, 2.319685935974121, 2.319685935974121, 2.319685935974121, 2.319685935974121, 2.319685935974121]",55.510093688964844,True,,,1,0f3bce05aa454c72b4a4c0e4b16e4774,2021-08-04_06-17-19,1628083039,55.510093688964844,1247957,lambda1,140.221.79.11,55.510093688964844,0,1,"23_adam_epsilon=1.0,batch_size=370,dropout=0.0,epochs=10,learning_rate=1e-08,api_key=f89dd177ee1c0e61382850a5a0cf389910abb3d2,project=cpu_only_lambda2_mnist_comparison",1e-08,0.0,370,1.0,10,cpu_only_lambda2_mnist_comparison,f89dd177ee1c0e61382850a5a0cf389910abb3d2
4fa9d758,0.8205349795958575,0.8353999853134155,0.014865005717558,"[2.508596420288086, 2.4390320777893066, 2.3573946952819824, 2.283219337463379, 2.210675001144409, 2.141988754272461, 2.0771234035491943, 2.015826940536499, 1.9532915353775024, 1.894007921218872, 1.8370683193206787, 1.7831321954727173, 1.7250769138336182, 1.6727113723754883, 1.62107253074646, 1.5784341096878052, 1.5294045209884644, 1.48357355594635, 1.441543698310852, 1.3987313508987427, 1.356447696685791, 1.3222765922546387, 1.2924206256866455, 1.2583178281784058, 1.2313861846923828, 1.1994088888168335, 1.1774135828018188, 1.1485507488250732, 1.1260517835617065, 1.1053920984268188, 1.084336757659912, 1.0634340047836304, 1.0480400323867798, 1.027056336402893, 1.0119664669036865, 0.9944320917129517, 0.9787014126777649]","[2.2710001468658447, 2.2376787662506104, 2.2140777111053467, 2.1673784255981445, 2.1416094303131104, 2.0998599529266357, 2.0634353160858154, 2.0254883766174316, 1.983436107635498, 1.9504286050796509, 1.8956489562988281, 1.8600507974624634, 1.7943350076675415, 1.7538344860076904, 1.7078003883361816, 1.6599336862564087, 1.6189823150634766, 1.5747209787368774, 1.5168852806091309, 1.4806019067764282, 1.466109275817871, 1.3655163049697876, 1.3556523323059082, 1.311019778251648, 1.2742953300476074, 1.2400763034820557, 1.216428279876709, 1.173571228981018, 1.1737780570983887, 1.144208550453186, 1.0957107543945312, 1.079806923866272, 1.0430313348770142, 1.0289878845214844, 1.0025502443313599, 1.021972894668579, 0.9660773873329163]","[2.2710001468658447, 2.2376787662506104, 2.2140777111053467, 2.1673784255981445, 2.1416094303131104, 2.0998599529266357, 2.0634353160858154, 2.0254883766174316, 1.983436107635498, 1.9504286050796509, 1.8956489562988281, 1.8600507974624634, 1.7943350076675415, 1.7538344860076904, 1.7078003883361816, 1.6599336862564087, 1.6189823150634766, 1.5747209787368774, 1.5168852806091309, 1.4806019067764282, 1.466109275817871, 1.3655163049697876, 1.3556523323059082, 1.311019778251648, 1.2742953300476074, 1.2400763034820557, 1.216428279876709, 1.173571228981018, 1.1737780570983887, 1.144208550453186, 1.0957107543945312, 1.079806923866272, 1.0430313348770142, 1.0289878845214844, 1.0025502443313599, 1.021972894668579, 0.9660773873329163]",198.73747611045837,True,,,1,306d2aa4eca040fba65692051e5def68,2021-08-04_06-20-49,1628083249,198.73747611045837,1247958,lambda1,140.221.79.11,198.73747611045837,0,1,"24_adam_epsilon=0.38006,batch_size=619,dropout=0.54141,epochs=37,learning_rate=0.00059871,api_key=f89dd177ee1c0e61382850a5a0cf389910abb3d2,project=cpu_only_lambda2_mnist_comparison",0.0005987084692863331,0.5414121260619349,619,0.380056494588501,37,cpu_only_lambda2_mnist_comparison,f89dd177ee1c0e61382850a5a0cf389910abb3d2
cb8e6172,0.9781437039732219,0.977400004863739,0.0007436991094829093,"[0.500380277633667, 0.21249760687351227, 0.152175635099411, 0.11949164420366287, 0.09888157993555069, 0.08431942015886307, 0.0729997307062149, 0.06460767239332199, 0.057693589478731155, 0.0516815222799778, 0.04673963785171509, 0.042162857949733734, 0.03860831633210182, 0.034987758845090866]","[0.1306975781917572, 0.06213974952697754, 0.03623518720269203, 0.026276780292391777, 0.019460683688521385, 0.016639942303299904, 0.013101805932819843, 0.014942141249775887, 0.012216001749038696, 0.010891642421483994, 0.010941294021904469, 0.00929589755833149, 0.009340867400169373, 0.006170711480081081]","[0.1306975781917572, 0.06213974952697754, 0.03623518720269203, 0.026276780292391777, 0.019460683688521385, 0.016639942303299904, 0.013101805932819843, 0.014942141249775887, 0.012216001749038696, 0.010891642421483994, 0.010941294021904469, 0.00929589755833149, 0.009340867400169373, 0.006170711480081081]",204.9444773197174,True,,,1,ded365099d494ffe9db03bdf57fbe3dc,2021-08-04_06-24-27,1628083467,204.9444773197174,1378316,lambda1,140.221.79.11,204.9444773197174,0,1,"25_adam_epsilon=0.98506,batch_size=30,dropout=0.0052431,epochs=14,learning_rate=0.053203,api_key=f89dd177ee1c0e61382850a5a0cf389910abb3d2,project=cpu_only_lambda2_mnist_comparison",0.05320306712025255,0.005243050618905968,30,0.9850608570766524,14,cpu_only_lambda2_mnist_comparison,f89dd177ee1c0e61382850a5a0cf389910abb3d2
